{"schemaVersion":"1.0","appDefinitionTemplate":{"id":"/providers/Microsoft.PowerApps/apps/","type":"Microsoft.PowerApps/apps","tags":{"primaryDeviceWidth":"1366","primaryDeviceHeight":"768","sienaVersion":"20240529T180424Z-3.24051.29.0","deviceCapabilities":"","supportsPortrait":"false","supportsLandscape":"true","primaryFormFactor":"Tablet","publisherVersion":"3.24051.29","minimumRequiredApiVersion":"2.2.0","hasComponent":"false","hasUnlockedComponent":"false","isUnifiedRootApp":"false","showStatusBar":"false"},"properties":{"appVersion":"2024-05-29T18:04:24Z","lifeCycleId":"Published","createdByClientVersion":{"major":3,"minor":24051,"build":29,"revision":0,"majorRevision":0,"minorRevision":0},"minClientVersion":{"major":3,"minor":24051,"build":29,"revision":0,"majorRevision":0,"minorRevision":0},"backgroundColor":"rgba(0, 176, 240, 1)","backgroundImageUri":"/7065312909179405672/N970d9f5c-146c-4f7d-9693-0b3cfbcd7bcf-logoSmallFile","displayName":"Probability of Regulatory Success","description":"","commitMessage":"","appUris":{"documentUri":{"value":"/7065312909179405672/N6e8a87dc-f945-42d0-a622-84df7341d6f7-document.msapp"},"imageUris":[],"additionalUris":[{"isSolutionAware":false,"value":"/7065312909179405672/N804d2646-9ed6-482e-ac92-05067e83fefe-identity.json"}]},"createdTime":"0001-01-01T00:00:00Z","lastModifiedTime":"0001-01-01T00:00:00Z","sharedGroupsCount":0,"sharedUsersCount":0,"connectionReferences":{"8fd66b22-eda9-4ec5-96dc-29e175f29e8b":{"id":"3b05b81c-bb19-4583-b7e2-1b06ee1076d4","displayName":"SharePoint","iconUri":"https://connectoricons-prod.azureedge.net/releases/v1.0.1685/1.0.1685.3700/sharepointonline/icon.png","dataSources":["PRS questions","PRS"],"dependencies":[],"dependents":[],"parameterHints":{},"parameterHintsV2":{},"isOnPremiseConnection":false,"bypassConsent":false,"dataSets":{"https://z1pt2.sharepoint.com/sites/WorldwideRAMilestoneDashboard":{"dataSources":{"PRS questions":{"tableName":"25c8da21-ca3f-4016-a6b4-f418f841accd"},"PRS":{"tableName":"d1087987-d7d5-4ffa-aa37-a306d91623ea"}}}},"apiTier":"Standard","isCustomApiConnection":false,"actions":["providers/PowerPlatform.Governance/Operations/Read","providers/PowerPlatform.Governance/Operations/Write"]}},"databaseReferences":{},"almMode":"Environment","performanceOptimizationEnabled":true,"canConsumeAppPass":true,"enableModernRuntimeMode":false,"executionRestrictions":{"isTeamsOnly":false,"dataLossPreventionEvaluationResult":{"status":"Compliant","lastEvaluationDate":"2021-03-04T21:35:14.7345632Z","violationDetails":[]}}},"appType":"ClassicCanvasApp","appComponents":[]}}